title,authors,year,source
Predictive value of gut microbiota in long-term blood pressure control: a cross-sectional study,Kang G.,2023,European Journal of Medical Research
Parity and hypertension risk in couples: does number of parity matter: findings from Tehran Lipid and Glucose Study,Rahmati M.,2023,BMC Public Health
The association between tea consumption and blood pressure in the adult population in Southwest China,Zhao Y.,2023,BMC Public Health
How does HbA1c predict mortality and readmission in patients with heart failure? A protocol for systematic review and meta-analysis,Xu J.P.,2023,Systematic Reviews
Effects of music therapy as an alternative treatment on depression in children and adolescents with ADHD by activating serotonin and improving stress coping ability,Park J.I.,2023,BMC Complementary Medicine and Therapies
Surgical bleeding in patients undergoing posterior lumbar inter-body fusion surgery: a randomized clinical trial evaluating the effect of two mechanical ventilation mode types,Hajijafari M.,2023,European Journal of Medical Research
Risk of subclinical atherosclerosis across metabolic transition in individuals with or without fatty liver disease: a prospective cohort study,Xin Z.,2023,Nutrition and Metabolism
Interaction of hemorphins with ACE homologs,Jobe A.,2023,Scientific Reports
"Safety, Feasibility, and Acceptability of Telemedicine for Hypertension in Primary Care: A Proof-of-concept and Pilot Randomized Controlled Trial (SATE-HT)",Wang S.,2023,Journal of Medical Systems
A 50-year-old refugee woman with a lithopedion and a lifetime of trauma: a case report,Sous W.,2023,BMC Women's Health
Clinical characteristics and sequelae of intrapartum hypertension – a retrospective cohort study,Rajkumar T.,2023,BMC Pregnancy and Childbirth
Effects of dandelion root on rat heart function and oxidative status,Radoman K.,2023,BMC Complementary Medicine and Therapies
Genetic variation in salt taste receptors impact salt intake and blood pressure,Mohammadifard N.,2023,Scientific Reports
Effect of olmesartan and amlodipine on serum angiotensin-(1–7) levels and kidney and vascular function in patients with type 2 diabetes and hypertension,Kim K.,2023,Diabetology and Metabolic Syndrome
Management of PDA device closure complicated by severe hemolysis by transcatheter retrieval and deployment of new device,Rashid A.,2023,Egyptian Heart Journal
Different associations of general and abdominal obesity with upper and lower extremity artery disease among a community population in China,Wang Y.,2023,Nutrition and Metabolism
Central retinal microvasculature damage is associated with orthostatic hypotension in Parkinson’s disease,Ahn J.H.,2023,npj Parkinson's Disease
Peripheral artery disease in patients with schizophrenia as compared to controls,Jørgensen L.R.,2023,BMC Cardiovascular Disorders
Weight-dependent and weight-independent effects of dulaglutide on blood pressure in patients with type 2 diabetes,Ferdinand K.C.,2023,Cardiovascular Diabetology
Evaluation of early arterial wall lesions by elastography parameters in spontaneously hypertensive rats,Liu J.,2023,BMC Cardiovascular Disorders
Primary diffuse Rosai-Dorfman disease in central airway: a case report and literature review,Wu L.,2023,BMC Pulmonary Medicine
Associations of genetic markers of diabetes mellitus with carotid atherosclerosis: a community-based case–control study,Wu T.W.,2023,Cardiovascular Diabetology
The vascular function effects of adding exenatide or meal insulin to basal insulin therapy in early type 2 diabetes,Retnakaran R.,2023,Cardiovascular Diabetology
"The quality of vital signs measurements and value preferences in electronic medical records varies by hospital, specialty, and patient demographics",Jackson N.,2023,Scientific Reports
"Correspondence to the article by Wang et al., “Association between blood pressure and the risk of biopsy-induced endobronchial hemorrhage during bronchoscopy”",Govindasaami V.,2023,BMC Pulmonary Medicine
A novel clinical diagnostic marker predicting the relationship between visceral adiposity and renal function evaluated by estimated glomerular filtration rate (eGFR) in the Chinese physical examination population,Xu Y.,2023,Lipids in Health and Disease
Epigenome-wide association study in Chinese monozygotic twins identifies DNA methylation loci associated with blood pressure,Wang W.,2023,Clinical Epigenetics
"Significance of pulse pressure variability in predicting functional outcome in acute ischemic stroke: a retrospective, single-center, observational cohort study",Kamieniarz-Mędrygał M.,2023,Scientific Reports
An abrupt decrease in arterial blood pressure may predict a high level carbon dioxide embolism in retroperitoneoscopic surgery: case report and a literature review,Wang J.,2023,BMC Urology
Advanced tubal pregnancy at 34 weeks with eclampsia and HELLP syndrome: a case report and literature re,Liu Y.,2023,BMC Pregnancy and Childbirth
Effectiveness of an Interprofessional Program (Siscare) for Supporting Patients With Type 2 Diabetes,Bawab N.,2023,Diabetes Spectrum
Real-time quantification of intestinal perfusion and arterial versus venous occlusion using laser speckle contrast imaging in porcine model,Liu Y.Z.,2023,Langenbeck's Archives of Surgery
Association of apolipoprotein A1 with osteoporosis: a cross-sectional study,Sun X.,2023,BMC Musculoskeletal Disorders
Development and validation of a clinical nomogram for differentiating hemorrhagic and ischemic stroke prehospital,Ye S.,2023,BMC Neurology
Retrospective comparison of the effects of laryngeal mask and endotracheal tube on some cardio-respiratory variables in pet rabbits undergoing anaesthesia for elective gonadectomy,Bellini L.,2023,Acta Veterinaria Scandinavica
Diagnosis and treatment approaches for simultaneous onset of subarachnoid hemorrhage and thyroid storm: a case report,Ohya A.,2023,International Journal of Emergency Medicine
Fine mapping spatiotemporal mechanisms of genetic variants underlying cardiac traits and disease,D’Antonio M.,2023,Nature Communications
Effects of Intermittent Normobaric Hypoxia on Health-Related Outcomes in Healthy Older Adults: A Systematic Review,Timon R.,2023,Sports Medicine - Open
Chronic kidney disease promotes cerebral microhemorrhage formation,Fang C.,2023,Journal of Neuroinflammation
Microvascular reactivity using laser Doppler measurement in type 2 diabetes with subclinical atherosclerosis,Sun P.C.,2023,Lasers in Medical Science
Spontaneous retroperitoneal hematoma: a case report,Kurotaki T.,2023,Journal of Medical Case Reports
Non-invasive assessment of Pulse Wave Transit Time (PWTT) is a poor predictor for intraoperative fluid responsiveness: a prospective observational trial (best-PWTT study),Fukui K.,2023,BMC Anesthesiology
Genetic association analysis of rs662799 (− 1131A &gt; G) polymorphism of APOA5 gene with morphometric and physio-metric traits using multiplex PCR,Fatma R.,2023,Egyptian Journal of Medical Human Genetics
Impact of reboxetine plus oxybutynin treatment for obstructive sleep apnea on cardiovascular autonomic modulation,Perger E.,2023,Scientific Reports
11β-HSD1 inhibition in men mitigates prednisolone-induced adverse effects in a proof-of-concept randomised double-blind placebo-controlled trial,Othonos N.,2023,Nature Communications
"A randomized, double-blind trial comparing the effect of two blood pressure targets on global brain metabolism after out-of-hospital cardiac arrest",Mølstrøm S.,2023,Critical Care
Characteristics and efficacy of physical activity interventions to improve cardiometabolic and psychosocial outcomes in people living with HIV in sub-Saharan Africa: a protocol for a systematic review,Mabweazara S.,2023,Systematic Reviews
"Metabolic syndrome and thyroid Cancer: risk, prognosis, and mechanism",Li L.R.,2023,Discover Oncology
Endothelial function measured by peripheral arterial tonometry in patients with chronic myeloid leukemia on tyrosine kinase inhibitor therapy: a pilot study,Kaneko T.,2023,Cardio-Oncology
"Association of systolic, diastolic, mean, and pulse pressure with morbidity and mortality in septic ICU patients: a nationwide observational study",Khanna A.K.,2023,Annals of Intensive Care
Clinical factors associated with adverse clinical outcomes in elderly versus non-elderly COVID-19 emergency patients: a multi-center observational study,Puchongmart C.,2023,International Journal of Emergency Medicine
No signs of neurodegenerative effects in 15q11.2 BP1-BP2 copy number variant carriers in the UK Biobank,Boen R.,2023,Translational Psychiatry
Is conservative management safe in patients with acute ureterolithiasis and perirenal stranding?,Grossmann N.C.,2023,Urolithiasis
Uric acid and risk of pre-eclampsia: results from a large case–control study and meta-analysis of prospective studies,Colmenares-Mejia C.C.,2023,Scientific Reports
"Efficacy and safety of Obex® in overweight and obese subjects: a randomised, double-blind, placebo-controlled clinical trial",Cabrera-Rode E.,2023,BMC Complementary Medicine and Therapies
Neurofibromatosis-Noonan syndrome and growth deficiency in an Iranian girl due to a pathogenic variant in NF1 gene,Dalili S.,2023,Human Genomics
ER ribosomal-binding protein 1 regulates blood pressure and potassium homeostasis by modulating intracellular renin trafficking,Chiu C.H.,2023,Journal of Biomedical Science
Angiotensin converting enzyme (ACE) inhibitors activity from purified compounds Fructus Phaleria macrocarpa (Scheff) Boerl,Eff A.R.Y.,2023,BMC Complementary Medicine and Therapies
Long-term increase in fasting blood glucose is associated with increased risk of sudden cardiac arrest,Kim Y.G.,2023,Cardiovascular Diabetology
Choroid and choriocapillaris changes in early-stage Parkinson’s disease: a swept-source optical coherence tomography angiography-based cross-sectional study,Uzun S.,2023,Alzheimer's Research and Therapy
Very low-calorie ketogenic diet (VLCKD): an antihypertensive nutritional approach,Barrea L.,2023,Journal of Translational Medicine
Spinal injury with spinal ankylosing disorders as a primary cause of death: report of two cases,Miyake T.,2023,International Journal of Emergency Medicine
Usability Evaluation of Connected Health Devices in Home Monitoring: Toward Devices Adapted to the Characteristics of Informal Caregivers,Cardon C.,2023,Journal of Medical Systems
Absence of fluctuation and inverted circadian rhythm of blood pressure increase the risk of cognitive dysfunction in cerebral small vessel disease patients,Xu Y.,2023,BMC Neurology
"Echocardiographic parameters in French Bulldogs, Pugs and Boston Terriers with brachycephalic obstructive airways syndrome",Brložnik M.,2023,BMC Veterinary Research
The association of osteoporosis and geriatric syndromes in the elderly: data from the Russian epidemiological study EVKALIPT,Dudinskaya E.N.,2023,Archives of Osteoporosis
A West Nile Virus infection expressed as unilateral limb paralysis and complicated by Parsonage–Turner syndrome: a case report,Scarciglia A.,2023,Journal of Medical Case Reports
The effect of combining therapeutic drug monitoring of antihypertensive drugs with personalised feedback on adherence and resistant hypertension: the (RHYME-RCT) trial protocol of a multi-centre randomised controlled trial,Peeters L.E.J.,2023,BMC Cardiovascular Disorders
The 2022 focused update of the 2018 Korean Hypertension Society Guidelines for the management of hypertension,Kim H.L.,2023,Clinical Hypertension
Influence of systolic blood pressure trajectory on in-hospital mortality in patients with sepsis,Zhu J.L.,2023,BMC Infectious Diseases
OAGB with shortened excluded ileal loop as an effective treatment for type 2 diabetes mellitus in the cases of Caucasian men and women with obesity of the first degree (BMI 30–35 kg/m<sup>2</sup>),Jaworski P.,2023,Langenbeck's Archives of Surgery
Comparative assessment of coronary physiology using transthoracic pulsed-wave Doppler and myocardial contrast echocardiography in rats,Billig S.,2023,European Radiology Experimental
Development and perceived usability evaluation of an interactive smartphone application for the teaching of hemodynamics and evaluation of arterial pulse pressure variation,Barbosa O.A.,2023,BMC Medical Informatics and Decision Making
"Diverse associations between adiposity and blood pressure among 80,000 multi-ethnic Chinese adults",Chen J.,2023,BMC Public Health
Renal nerve stimulation identifies renal innervation and optimizes the strategy for renal denervation in canine,Liu H.,2023,Journal of Translational Medicine
The effects of soymilk plus probiotics supplementation on cardiovascular risk factors in patients with type 2 diabetes mellitus: a randomized clinical trial,Hasanpour A.,2023,BMC Endocrine Disorders
N-terminal pro–B-type natriuretic peptide levels in normotensive and hypertensive dogs with myxomatous mitral valve disease stage B,Jang I.S.,2023,Irish Veterinary Journal
Respiratory patterns and baroreflex function in heart failure,Radaelli A.,2023,Scientific Reports
Nitrate-rich beet juice intake on cardiovascular performance in response to exercise in postmenopausal women with arterial hypertension: study protocol for a randomized controlled trial,Benjamim C.J.R.,2023,Trials
Evaluation of myocardial performance by serial speckle tracking echocardiography in diagnosis and follow-up of a patient with eosinophilic myocarditis,Sharifkazemi M.,2023,Echo Research and Practice
"Angiomyolipoma with epithelial cysts, an unexpected discovery in a gunshot abdomen: a single case report",Mtshali N.Z.,2023,African Journal of Urology
The role of artificial intelligence in the treatment of obstructive sleep apnea,Brennan H.L.,2023,Journal of Otolaryngology - Head and Neck Surgery
Effects of Baduanjin exercise on the physical function of middle-aged and elderly people: a systematic review and meta-analysis of randomized controlled trials,Lin H.,2023,BMC Complementary Medicine and Therapies
Vascular dysfunction and body mass index in African adults with HIV,Kaluba L.,2023,BMC Cardiovascular Disorders
A high Diabetes Risk Reduction Score (DRRS) is associated with a better cardio-metabolic profile among obese individuals,Siri G.,2023,BMC Endocrine Disorders
Penetrating gunshot wounds to the penis: a case report of combat patient injured in the war in Ukraine,Golovko S.,2023,International Journal of Emergency Medicine
Association between cannabis use and blood pressure levels according to comorbidities and socioeconomic status,Vallée A.,2023,Scientific Reports
Association of triglycerides to high-density lipoprotein cholesterol ratio to identify future prediabetes and type 2 diabetes mellitus: over one-decade follow-up in the Iranian population,Tohidi M.,2023,Diabetology and Metabolic Syndrome
Clinical significance of the hemodynamic gain index in patients undergoing exercise stress testing and coronary computed tomography angiography,Mansour M.J.,2023,BMC Cardiovascular Disorders
Challenges and outcomes of pregnancy in an uncorrected Tetralogy of Fallot with pulmonary atresia and major aorta-pulmonary collateral arteries (MAPCA): a case report,Thakur S.,2023,Egyptian Heart Journal
Association between red blood cell distribution width-to-albumin ratio and prognosis of patients with acute myocardial infarction,Li H.,2023,BMC Cardiovascular Disorders
"Hypertension self-care practice and its associated factors in Bale Zone, Southeast Ethiopia: A multi-center cross-sectional study",Tebelu D.T.,2023,Journal of Pharmaceutical Policy and Practice
Does tidal volume challenge improve the feasibility of pulse pressure variation in patients mechanically ventilated at low tidal volumes? A systematic review and meta-analysis,Wang X.,2023,Critical Care
"Evaluating the association between the Mediterranean-DASH Intervention for Neurodegenerative Delay (MIND) diet, mental health, and cardio-metabolic risk factors among individuals with obesity",Ardekani A.M.,2023,BMC Endocrine Disorders
Digital health interventions for non-communicable disease management in primary health care in low-and middle-income countries,Xiong S.,2023,npj Digital Medicine
Pathways linking relative deprivation to blood pressure control: the mediating role of depression and medication adherence among Chinese middle-aged and older hypertensive patients,Qin W.,2023,BMC Geriatrics
Effectiveness of a diabetes program based on digital health on capacity building and quality of care in type 2 diabetes: a pragmatic quasi-experimental study,Morelli D.M.,2023,BMC Health Services Research
The association between carbon and nitrogen stable isotope ratios of human hair and hypertension,Ahn S.V.,2023,Clinical Hypertension
Kidney dysfunction: prevalence and associated risk factors in a community-based study from the North West Province of South Africa,Navise N.H.,2023,BMC Nephrology
Incidence and risk of hypertension associated with PARP inhibitors in cancer patients: a systematic review and meta-analysis,Chen X.,2023,BMC Cancer
"Impact of the gut microbiota and associated metabolites on cardiometabolic traits, chronic diseases and human longevity: a Mendelian randomization study",Gagnon E.,2023,Journal of Translational Medicine
On the Dynamics of a Capacitive Microplate for Blood Pressure Sensing Based on Korotkoff Sounds,Taghizadeh N.,2023,Sensing and Imaging
Relationship of cardiovascular disease risk and hearing loss in a clinical population,Baiduc R.R.,2023,Scientific Reports
Coronary artery disease in a patient with Addison’s disease: a case report and literature review,Zhao R.,2023,BMC Cardiovascular Disorders
Primary care physician beliefs and practices regarding blood pressure measurement: results from BP-CHECK qualitative interviews,Hsu C.,2023,BMC Primary Care
"Sex-specific associations between systolic, diastolic and pulse pressure and hemostatic parameters in the population-based KORA-Fit study: a cross-sectional study",Vogel von Falckenstein J.,2023,Thrombosis Journal
Relationship of liver fat content with systemic metabolism and chronic complications in patients with type 2 diabetes mellitus,Ren W.,2023,Lipids in Health and Disease
Obesity difference on association blood malondialdehyde level and diastolic hypertension in the elderly population: a cross-sectional analysis,Huang Y.,2023,European Journal of Medical Research
Study protocol for the sheMATTERS study (iMproving cArdiovascular healTh in new moThERS): a randomized behavioral trial assessing the effect of a self-efficacy enhancing breastfeeding intervention on postpartum blood pressure and breastfeeding continuation in women with hypertensive disorders of pregnancy,Dayan N.,2023,BMC Pregnancy and Childbirth
Predictors of adverse diastolic remodeling in non-diabetic patients presenting with ST-elevation myocardial infarction,Al Ali L.,2023,BMC Cardiovascular Disorders
"Diagnosis, pathophysiology and preventive strategies for cardiac surgery-associated acute kidney injury: a narrative review",Yu Y.,2023,European Journal of Medical Research
Conscious connected breathing with breath retention intervention in adults with chronic low back pain: protocol for a randomized controlled pilot study,Pratscher S.D.,2023,Pilot and Feasibility Studies
Stress-Sensitive Regulators of Fetal Neurodevelopment in HIV and Preeclampsia: An Immunocytochemical Appraisal of Placental OGT and T4 Levels,Shallie P.D.,2023,Archivum Immunologiae et Therapiae Experimentalis
An unusual collateral from the sinoatrial nodal artery to the left carotid artery in a patient with Takayasu arteritis: a case report,Beijk M.A.,2023,Journal of Medical Case Reports
Using nutrigenomics to guide personalized nutrition supplementation for bolstering immune system,Yang J.,2023,Health Information Science and Systems
Epidemiology of obesity and high blood pressure among school-age children from military families: the largest report from our region,Dormanesh B.,2023,BMC Pediatrics
Emerging precision neoadjuvant systemic therapy for patients with resectable non-small cell lung cancer: current status and perspectives,Godoy L.A.,2023,Biomarker Research
Benefits and barriers of home blood pressure monitoring in pregnancy: perspectives of obstetric doctors from a Ghanaian tertiary hospital,Atluri N.,2023,BMC Pregnancy and Childbirth
The relationship between coping styles and family burden in chronic schizophrenic and bipolar type I patients’ caregivers,Abbaslou T.,2023,"Egyptian Journal of Neurology, Psychiatry and Neurosurgery"
Accumulated hypertension burden on atrial fibrillation risk in diabetes mellitus: a nationwide population study,Choi J.M.,2023,Cardiovascular Diabetology
"Effects of physical training on functional, clinical, morphological, behavioural and psychosocial outcomes in post-COVID-19 infection: COVID-19 and REhabilitation study (CORE-study)—a study protocol for a randomised controlled clinical trial",Delevatti R.S.,2023,Trials
Hyperglycaemia in pregnancy and offspring blood pressure: a systematic review and meta-analysis,Zhang X.,2023,Diabetology and Metabolic Syndrome
Distinct components of cardiovascular health are linked with age-related differences in cognitive abilities,King D.L.O.,2023,Scientific Reports
Features from the photoplethysmogram and the electrocardiogram for estimating changes in blood pressure,Finnegan E.,2023,Scientific Reports
Beneficial effects of Panax notoginseng (Burkill) F. H. Chen flower saponins in rats with metabolic hypertension by inhibiting the activation of the renin–angiotensin–aldosterone system through complement 3,Huang Q.,2023,BMC Complementary Medicine and Therapies
"The effect of bitter almond (Amygdalus communis L. var. Amara) gum as a functional food on metabolic profile, inflammatory markers, and mental health in type 2 diabetes women: a blinded randomized controlled trial protocol",Saati S.,2023,Trials
Music therapy for pain and anxiety in patients after cardiac valve replacement: a randomized controlled clinical trial,Dong Y.,2023,BMC Cardiovascular Disorders
Digital medicine: the next big leap advancing cardiovascular science,Kharlamov A.,2023,BMC Cardiovascular Disorders
Autonomic dysfunction after mild acute ischemic stroke and six months after: a prospective observational cohort study,Damkjær M.,2023,BMC Neurology
Laryngeal mask airway facilitates a safe and smooth emergence from anesthesia in patients undergoing craniotomy: a prospective randomized controlled study,Wei C.F.,2023,BMC Anesthesiology
Association of red blood cells and plasma transfusion versus red blood cell transfusion only with survival for treatment of major traumatic hemorrhage in prehospital setting in England: a multicenter study,Tucker H.,2023,Critical Care
Development and validation of a survival prediction model in elder patients with community-acquired pneumonia: a MIMIC-population-based study,Li N.,2023,BMC Pulmonary Medicine
Transcriptome analysis of mesenteric arterioles changes and its mechanisms in cirrhotic rats with portal hypertension,Wu G.,2023,BMC Genomics
Role of home blood pressure monitoring in resistant hypertension,Kim H.M.,2023,Clinical Hypertension
Intra-abdominal haemorrhage following an endoscopic retrograde cholangiopancreatography-related procedure: A rare complication,Kuno K.,2023,Endoscopy
High intake of dietary phytochemical index may be related to reducing risk of diabetic nephropathy: a case–control study,Bahrampour N.,2023,BMC Nutrition
Increased arterial pressure volume index and cardiovascular risk score in China,Jin L.,2023,BMC Cardiovascular Disorders
Effectiveness of a provider and patient-focused intervention to improve hypertension management and control in the primary health care setting in Cuba: a controlled before-after study,Londoño Agudelo E.,2023,BMC Primary Care
Long-term variability in physiological measures in relation to mortality and epigenetic aging: prospective studies in the USA and China,Chen H.,2023,BMC Medicine
A case report of autoimmune GFAP astrocytopathy presenting with abnormal heart rate variability and blood pressure variability,Wen P.y.,2023,BMC Neurology
Implication of changes in xanthine oxidase activity following hemodialysis,Fujioka H.,2023,BMC Nephrology
Towards an integrated blood pressure self-monitoring solution for stroke/TIA in Ireland: a mixed methods feasibility study for the TASMIN5S IRL randomised controlled trial,Doogue R.,2023,Pilot and Feasibility Studies
Lactate dehydrogenase is associated with flow-mediated dilation in hypertensive patients,Cai X.,2023,Scientific Reports
Intractable hyponatremia complicated by a reset osmostat: a case report,Kamel M.H.,2023,Journal of Medical Case Reports
Discovery of associative patterns between workplace sound level and physiological wellbeing using wearable devices and empirical Bayes modeling,Srinivasan K.,2023,npj Digital Medicine
Impact of glycemic control on biventricular function in patients with type 2 diabetes mellitus: a cardiac magnetic resonance tissue tracking study,Zhu J.,2023,Insights into Imaging
Hypertension contributes to exacerbated osteoarthritis pathophysiology in rats in a sex-dependent manner,Yeater T.D.,2023,Arthritis Research and Therapy
Prediction of pre-hospital blood transfusion in trauma patients based on scoring systems,Plodr M.,2023,BMC Emergency Medicine
Prediction of survival time after terminal extubation: the balance between critical care unit utilization and hospice medicine in the COVID-19 pandemic era,Zheng Y.C.,2023,European Journal of Medical Research
The effect of foetal and early childhood growth on metabolic derangements of Sri Lankan children,Wickramasinghe V.P.,2023,BMC Pediatrics
Mobile APP-assisted family physician program for improving blood pressure outcome in hypertensive patients,Xing F.,2023,BMC Primary Care
Terminal ileitis and cytotoxic lesion of corpus callosum as the presenting features of Multisystem inflammatory syndrome in children (MIS-C): a case report,Davoodi M.,2023,BMC Pediatrics
The association of meal-specific food-based dietary inflammatory index with cardiovascular risk factors and inflammation in a sample of Iranian adults,Mirrafiei A.,2023,BMC Endocrine Disorders
New insights of minimum requirement on legumes (Fabaceae sp.) daily intake in Malaysia,Jaafar M.H.,2023,BMC Nutrition
Joint modeling of longitudinal change of fasting blood sugar and systolic blood pressure with survival time to death among hypertension patients,Erango M.A.,2023,Scientific Reports
"Comparison of hemodynamics during induction of general anesthesia with remimazolam and target-controlled propofol in middle-aged and elderly patients: a single-center, randomized, controlled trial",Sekiguchi R.,2023,BMC Anesthesiology
Clinico-epidemiological profile and risk factors of hypertensive crisis among patients attended at a tertiary care hospital in Somalia,Mohamud M.F.Y.,2023,Scientific Reports
Impaired insulin-stimulated myocardial glucose metabolic rate is associated with reduced estimated myocardial energetic efficiency in subjects with different degrees of glucose tolerance,Succurro E.,2023,Cardiovascular Diabetology
Age-specific distribution of intraocular pressure in elderly Iranian population and its associated factors,Ghanbarnia M.J.,2023,Caspian Journal of Internal Medicine
Impact of medication therapy management (MTM) service model on multi-morbidity (MMD) patients with hypertension: a pilot RCT,Li N.,2023,BMC Geriatrics
Ventilation during continuous compressions or at 30:2 compression-to-ventilation ratio results in similar arterial oxygen and carbon dioxide levels in an experimental model of prolonged cardiac arrest,Kopra J.,2023,Intensive Care Medicine Experimental
Gut microbiome and stages of diabetes in middle-aged adults: CARDIA microbiome study,Hu Y.H.,2023,Nutrition and Metabolism
The effect of blood pressure on mortality following out-of-hospital cardiac arrest: a retrospective cohort study of the United Kingdom Intensive Care National Audit and Research Centre database,McGuigan P.J.,2023,Critical Care
Strength training for arterial hypertension treatment: a systematic review and meta-analysis of randomized clinical trials,Correia R.R.,2023,Scientific Reports
Urinary supersaturation in a Randomized trial among Individuals with Nephrolithiasis comparing Empiric versus selective therapy (URINE): design and rationale of a clinical trial,Hsi R.S.,2023,Urolithiasis
"Dietary energy density, metabolic parameters, and blood pressure in a sample of adults with obesity",Pour-Abbasi M.S.,2023,BMC Endocrine Disorders
Neutrophil-to-lymphocyte ratio (NLR) as a predictive index for liver and coagulation dysfunction in preeclampsia patients,Cui H.X.,2023,BMC Pregnancy and Childbirth
The reliability of patient blood pressure self-assessments – a cross-sectional study,Nessler K.,2023,BMC Primary Care
When Blood Pressure Increases with Standing: Consensus Definition for Diagnosing Orthostatic Hypertension,Jordan J.,2023,Blood pressure
A novel scoring system for early assessment of the risk of the COVID-19-associated mortality in hospitalized patients: COVID-19 BURDEN,Imanieh M.H.,2023,European Journal of Medical Research
Compound lidocaine/prilocaine cream combined with tetracaine prevents cough caused by extubation after general anaesthesia: a randomised controlled trial,Zhang E.,2023,BMC Anesthesiology
Metabolic and cardiovascular responses to continuous and intermittent plank exercises,Huang Z.,2023,"BMC Sports Science, Medicine and Rehabilitation"
"Withdrawal of antihypertensive medication in young to middle-aged adults: a prospective, single-group, intervention study",Lee H.Y.,2023,Clinical Hypertension
"Effects of Qingda granule on patients with grade 1 hypertension at low-medium risk: study protocol for a randomized, controlled, double-blind clinical trial",Long L.z.,2023,Trials
Validation of the Berlin Grading System for moyamoya angiopathy with the use of [<sup>15</sup>O]H<inf>2</inf>O PET,Mertens R.,2023,Neurosurgical Review
Predictive factors for pre-intervention rebleeding in aneurysmal subarachnoid haemorrhage: a systematic review and meta-analysis,Doherty R.J.,2023,Neurosurgical Review
Impaired postural control in diabetes—a predictor of falls?,Rasmussen N.H.h.,2023,Archives of Osteoporosis
Use of electronic health record best practice alerts to improve adherence to American Urological Association vesicoureteral reflux guidelines,Wengryn D.M.,2023,Pediatric Surgery International
Longitudinal Assessment of Preterm Infants Treated with Erythropoiesis Stimulating Agents,Ohls R.K.,2023,Current Pediatric Reviews
Nucleated Red Blood Cell Emergence-Time in Newborn Lambs Following a Dose of Darbepoetin Alfa,Bahr T.M.,2023,Current Pediatric Reviews
Protective Effect of Crocin on Cadmium Induced-Overexpression of Matrix Metalloproteinases (MMPs) Gene Family in Rat Liver,Varnamkhasti F.A.,2023,Current Traditional Medicine
Urinary Sodium Excretion and Salt Intake Are Not Associated With Blood Pressure Variability in a White General Population,Zhou T.L.,2023,Journal of the American Heart Association
Assessment of baroreflex sensitivity during isometric handgrip exercise and oscillatory lower body negative pressure,Banodhe G.K.,2023,Journal of Taibah University Medical Sciences
The Functional Role of the Renin-Angiotensin System in Preeclampsia,Melaku L.,2023,Current Women's Health Reviews
The Prevalence of Maternal and Newborn Morbidity Following a Repeat Cesarean Section: Data From Zagazig University Hospital,Ali A.E.S.,2023,Current Women's Health Reviews
Effect of aerobic exercise on renal fibrosis in rats with chronic renal failure,Peng L.,2023,Chinese Journal of Tissue Engineering Research
Association of sarcopenia and systolic blood pressure with mortality: A 5-year longitudinal study,Yamaguchi R.,2023,Archives of Gerontology and Geriatrics
Multitask deep label distribution learning for blood pressure prediction,Qin K.,2023,Information Fusion
An efficient hybrid LSTM-ANN joint classification-regression model for PPG based blood pressure monitoring,Faris Ali N.,2023,Biomedical Signal Processing and Control
A prediction model for healthcare time-series data with a mixture of deep mixed effect models using Gaussian processes,Hong J.,2023,Biomedical Signal Processing and Control
Noninvasive continuous blood pressure estimation with fewer parameters based on RA-ReliefF feature selection and MPGA-BPN models,Zhang L.,2023,Biomedical Signal Processing and Control
"Nociceptors are needed to guide tooth development, function, repair, and regeneration",Peters S.B.,2023,Neural Regeneration Research
Polysaccharides from the hard shells of Juglans regia L. modulate intestinal function and gut microbiota in vivo,Li X.,2023,Food Chemistry
Healthcare provider's perspectives on home blood pressure management in Peru and Cameroon: Findings from the BPMONITOR study,Al-Rousan T.,2023,Preventive Medicine Reports
"Design of Lung Transplant Go (LTGO): A randomized controlled trial evaluating the efficacy of a telerehabilitation behavioral exercise intervention to improve physical activity, physical function, and blood pressure control after lung transplantation",Vendetti M.L.,2023,Contemporary Clinical Trials Communications
The WeChat platform-based health education improves health outcomes among patients with stable coronary artery disease,Kang G.Y.,2023,Patient Education and Counseling
Fulminant Guillain–Barré syndrome secondary to Campylobacter coli infection: An autopsy case report,Kutsuna F.,2023,eNeurologicalSci
Plasma brain derived neurotrophic factor level as a modifying factor for trans fat intake and hypertension,Harlyjoy B.C.,2023,Clinical Nutrition ESPEN
Evaluation of sufentanil sublingual tablet 30 mcg for perioperative pain management of in-office rhinology procedures,Sikand A.,2023,Otolaryngology Case Reports
Hypertensive retinopathy and cardiovascular disease risk: 6 population-based cohorts meta-analysis,Liew G.,2023,International Journal of Cardiology: Cardiovascular Risk and Prevention
Mediterranean exposotype: Genomic architecture and plant-based dietary metabolites,Ismail A.B.,2023,Clinical Nutrition ESPEN
Comparison of etomidate and methohexital as anesthetic agents for continuation and maintenance electroconvulsive therapy: A retrospective analysis of seizure quality and safety,Millischer V.,2023,Journal of Affective Disorders
The acute effects of diet-induced energy restriction on physical activity energy expenditure and basal metabolic rate in men and women with overweight and obesity,Arcon M.,2023,Human Nutrition and Metabolism
"Preeclampsia is associated with reduced renin, aldosterone, and PlGF levels, and increased sFlt-1/PlGF ratio, and specific angiotensin-converting enzyme Ins-Del gene variants",Zitouni H.,2023,Journal of Reproductive Immunology
Clinical characteristics and subsequent need for anti-hypertensive agents in the postpartum period for hypertensive disorders of pregnancy,Wilkie G.L.,2023,Pregnancy Hypertension
Multiple substance use and blood pressure in women experiencing homelessness,Suen L.W.,2023,Addictive Behaviors Reports
Hemodynamic responses to low-level transcutaneous auricular nerve stimulation in young volunteers,Šinkovec M.,2023,IBRO Neuroscience Reports
Impact on Cardiovascular Health of Using Phentermine/Topiramate in Combination With Laparoscopic Sleeve Gastrectomy in Super Obesity,Jayaprakash M.S.,2023,Journal of Surgical Research
Intracranial hemorrhage after recombinant tissue plasminogen Activator: The competing risks survival analysis,Pengtong W.,2023,Interdisciplinary Neurosurgery: Advanced Techniques and Case Management
The effect of hyperventilation versus normoventilation on cerebral oxygenation using near infrared spectroscopy in children undergoing posterior fossa tumor resection: A randomized controlled cross-over trial,Sarhan K.A.,2023,Anaesthesia Critical Care and Pain Medicine
Semiparametric Model-Based Adaptive Control for Aortic Pressure Regulation in Ex Situ Heart Perfusion,Yao W.,2023,IEEE Transactions on Industrial Electronics
Antihypertensive effects of Pleurospermum lindleyanum aqueous extract in spontaneously hypertensive rats,Zhang P.,2023,Journal of Ethnopharmacology
"Effects of indoor air purification intervention on blood pressure, blood‑oxygen saturation, and heart rate variability: A double-blinded cross-over randomized controlled trial of healthy young adults",Xia X.,2023,Science of the Total Environment
Ethanol effects on L-type voltage-gated calcium channel performance,Yoosefian M.,2023,Journal of Molecular Liquids
"Association of blood manganese concentrations with 24-h based brachial and central blood pressure, and pulse-wave velocity.",Carrasco-Rios M.,2023,Environmental Research
Test-retest reliability of 3D velocity-selective arterial spin labeling for detecting normal variations of cerebral blood flow,Xu F.,2023,NeuroImage
Blood pressure-driven rupture of blood vessels,Sun W.K.,2023,Journal of the Mechanics and Physics of Solids
Exact solutions and conservation laws of a one-dimensional PDE model for a blood vessel,Anco S.C.,2023,"Chaos, Solitons and Fractals"
A comparative study of the definitions of intradialytic hypotension correlated with increased mortality to identify universal predictors,Laurence Saint L.S.Q.,2023,International Journal of Medical Informatics
A network-based model of dynamic cerebral autoregulation,Daher A.,2023,Microvascular Research
"The effect of orally administered nitrate on renal function and blood pressure in a randomized, placebo-controlled, crossover study in healthy subjects",Østergaard A.M.,2023,Nitric Oxide - Biology and Chemistry
Kidney injury molecule-1 and podocalyxin dysregulation in an arginine vasopressin induced rodent model of preeclampsia,Ramdin S.,2023,European Journal of Obstetrics and Gynecology and Reproductive Biology
"Sex differences in the relationship between hepatic steatosis, mood and anxiety disorders",Goulart A.C.,2023,Journal of Psychosomatic Research
Prediction of acute hypertensive episodes in critically ill patients,Itzhak N.,2023,Artificial Intelligence in Medicine
Clinical prediction rules for adverse evolution in patients with COVID-19 by the Omicron variant,Portuondo-Jiménez J.,2023,International Journal of Medical Informatics
Transient high salt intake causes epigenetic changes and leads to persistent inflammatory activation to produce “salt memory”,Liao Y.,2023,Journal of Nutritional Biochemistry
Healthcare-based interventions to address food insecurity during pregnancy: a systematic review,Merchant T.,2023,American Journal of Obstetrics and Gynecology MFM
Muscarinic cholinergic modulation of cardiovascular variables in spinal cord injured rats,Théo M.,2023,Experimental Neurology
Bladder deformity accompanied by pelvic fracture indirectly indicates clinical severity,Ota S.,2023,American Journal of Emergency Medicine
Chronic physiologic hyperglycemia impairs insulin-mediated suppression of plasma glucagon concentration in healthy humans,Chen X.,2023,Metabolism: Clinical and Experimental
Relationship between bisphenol A and the cardiovascular disease metabolic risk factors in American adults: A population-based study,Chen M.,2023,Chemosphere
Characterization of patient dose distributions and probabilistic risk analysis in cardiovascular catheterization laboratories,Weir V.J.,2023,Biomedical Physics and Engineering Express
Cardiorespiratory coupling as an early marker of cardiac autonomic dysfunction in type 2 diabetes mellitus patients,Da Silva C.D.,2023,Respiratory Physiology and Neurobiology
Agreement of Oscillometric and Auscultatory blood pressure measurement methods: An ambulance noise simulation study,Tatliparmak A.C.,2023,American Journal of Emergency Medicine
Colonic stricture: A rare complication of ultraselective transcatheter arterial embolization with microcoils for transverse colonic diverticular hemorrhage,Nguyen L.,2023,Radiology Case Reports
The young fruit of Citrus aurantium L. or Citrus sinensis Osbeck as a natural health food: A deep insight into the scientific evidence of its health benefits,Luo J.,2023,Arabian Journal of Chemistry
Accuracy of the triglyceride-glucose index as a surrogate marker for identifying metabolic syndrome in non-diabetic individuals,Couto A.N.,2023,Nutrition
Bilateral vertebral artery dissection extending to the left posterior cerebral artery: A case report,Morishita M.,2023,Radiology Case Reports
Prevalence and risk factors of thyroid dysfunction in outpatients with overweight or obese first-episode and drug-naïve major depressive disorder,Wang Q.,2023,Journal of Affective Disorders
Correlation between visuo-cognitive tests and simulator performance of commercial drivers in the United States,Bhattacharya S.,2023,Accident Analysis and Prevention
SGLT2 inhibitors for prevention of primary and secondary cardiovascular outcomes: A meta-analysis of randomized controlled trials,He G.,2023,Heart and Lung
An evolutionary U-shaped network for Retinal Vessel Segmentation using Binary Teaching–Learning-Based Optimization,Rajesh C.,2023,Biomedical Signal Processing and Control
Baseline and longitudinal trajectories of body-mass index and all-cause mortality among patients with type 2 diabetes,Yang Z.,2023,Diabetes and Metabolism
Co-administration of metformin and/or glibenclamide with losartan reverse N<sup>G</sup>-nitro-L-arginine-methyl ester-streptozotocin-induced hypertensive diabetes and haemodynamic sequelae in rats,Moke E.G.,2023,Microvascular Research
The undoing-hypothesis in athletes - three pilot studies testing the effect of positive emotions on athletes’ psychophysiological recovery,Lautenbach F.,2023,Psychology of Sport and Exercise
"Early identification of PCOS with commonly known diseases: Obesity, diabetes, high blood pressure and heart disease using machine learning techniques",Aggarwal S.,2023,Expert Systems with Applications
Coronavirus Disease 2019 and Hypertension: How Anti-hypertensive Drugs Affect COVID-19 Medications and Vice Versa,Doostkam A.,2023,Current Drug Safety
Reduced Apela/APJ system expression in patients with pulmonary artery hypertension secondary to chronic obstructive pulmonary disease,Hu Y.,2023,Heart and Lung
Compensation for respiratory motion–induced signal loss and phase corruption in free-breathing self-navigated cine DENSE using deep learning,Abdi M.,2023,Magnetic Resonance in Medicine
Long-axis in-plane combined with short-axis out-of-plane technique in ultrasound-guided arterial catheterization in infants: A randomized controlled trial,Wang Z.,2023,Journal of Clinical Anesthesia
Combined femoral artery block and femoral nerve block reduces thigh tourniquet-induced hypertension,Xu F.,2023,Journal of Clinical Anesthesia
Lung-protective ventilation during Trendelenburg pneumoperitoneum surgery: A randomized clinical trial,Grieco D.L.,2023,Journal of Clinical Anesthesia
Effect of two-week red beetroot juice consumption on modulation of gut microbiota in healthy human volunteers – A pilot study,Wang Y.,2023,Food Chemistry
Co-exposure to particulate matter and humidity increases blood pressure in hypertensive mice via the TRPV4-cPLA<inf>2</inf>-COX2 pathway,Guo M.,2023,Ecotoxicology and Environmental Safety
"Nonlinear relationship between pulse pressure and risk of cognitive impairment: A 4-year community-based cohort study in Xi'an, China",Zhou R.,2023,Journal of the Neurological Sciences
Ethanol consumption favors pro-contractile phenotype of perivascular adipose tissue: A role for interleukin-6,Simplicio J.A.,2023,Life Sciences
The role of systemic inflammation and oxidative stress in the association of particulate air pollution metal content and early cardiovascular damage: A panel study in healthy college students,Zhang L.,2023,Environmental Pollution
Pre- and postnatal particulate matter exposure and blood pressure in children and adolescents: A systematic review and meta-analysis,Liu Y.,2023,Environmental Research
Exposure to Volatile Organic Compounds Is Associated with Hypertension in Black Adults: The Jackson Heart Study,McGraw K.E.,2023,Environmental Research
Association of occupational exposure to polycyclic aromatic hydrocarbons in workers with hypertension from a northeastern Chinese petrochemical industrial area,Sun Y.,2023,Environmental Pollution
Long-term associations of air pollution exposure with liver enzymes among adult employees of the Electricity Generating Authority of Thailand: A longitudinal cohort study,Paoin K.,2023,Atmospheric Environment
The genetic polymorphisms and levels of adipokines and adipocytokines that influence the risk of developing gestational diabetes mellitus in Thai pregnant women,Tangjittipokin W.,2023,Gene
"Evaluation the binding of chlorogenic acid with bovine serum albumin: Spectroscopic methods, electrochemical and molecular docking",Jia W.,2023,Spectrochimica Acta - Part A: Molecular and Biomolecular Spectroscopy
Chai-Gui Decoction and its representative components ameliorate spontaneous hypertension rats by modulating lipid metabolism and gut microbiota,Zhu H.,2023,Journal of Ethnopharmacology
COMMD5 is involved in the mechanisms of hypotension after parathyroidectomy in patients receiving hemodialysis,Li B.,2023,European Journal of Pharmacology
Blood Levels of Angiotensinogen and Hypertension in the Multi-Ethnic Study of Atherosclerosis (MESA),Trainor P.J.,2023,Journal of the American College of Cardiology
Longer time in blood pressure target range improves cardiovascular outcomes among patients with Type 2 diabetes: A secondary analysis of a randomized clinical trial,Chen K.Y.,2023,Diabetes Research and Clinical Practice
Using Adult Ambulatory Blood Pressure Thresholds in Youth: Impact of Nocturnal Hypertension,Lyon S.M.,2023,Hypertension
Vascular Smooth Muscle TRPV4 (Transient Receptor Potential Vanilloid Family Member 4) Channels Regulate Vasoconstriction and Blood Pressure in Obesity,Zhu Y.,2023,Hypertension
Validation of the Aktiia blood pressure cuff for clinical use according to the ANSI/AAMI/ISO 81060-2:2013 protocol,Alexandre J.,2023,Blood Pressure Monitoring
Real-world long-term effects on blood pressure and other cardiovascular risk factors for patients in digital therapeutics,Willis M.,2023,Blood Pressure Monitoring
Sex Differences in Associations between Socioeconomic Status and Incident Hypertension among Chinese Adults,Ma H.,2023,Hypertension
Hypertension Correlates with Stronger Blood Flow Pulsatility in Small Perforating Cerebral Arteries Assessed with 7 Tesla Magnetic Resonance Imaging,Van Den Kerkhof M.,2023,Hypertension
Altered Neuronal Discharge in the Organum Vasculosum of the Lamina Terminalis Contributes to Dahl Salt-Sensitive Hypertension,Stocker S.D.,2023,Hypertension
Higher Maternal Cortisol Associated with Lower Blood Pressure in Offspring from 3 Months to 5 Years of Age in the Odense Child Cohort,Al-Jorani H.,2023,Hypertension
Pathophysiology of the Nondipping Blood Pressure Pattern,Huart J.,2023,Hypertension
A new risk factor for predicting stroke in patients with atrial fibrillation: morning blood pressure surge,Gorcan A.,2023,Blood Pressure Monitoring
Established and Emerging Cancer Therapies and Cardiovascular System: Focus on Hypertension - Mechanisms and Mitigation,Butel-Simoes L.E.,2023,Hypertension
Role of basal autonomic functions in patients with increased morning blood pressure surge,Akbay E.,2023,Blood Pressure Monitoring
HyperChildNET: A European Network Moving Forward in the Field of Pediatric Hypertension,Lurbe E.,2023,Hypertension
Circadian Misalignment Impacts the Association of Visceral Adiposity with Elevated Blood Pressure in Adolescents,Morales-Ghinaglia N.,2023,Hypertension
Short-term effects of transcatheter aortic valve replacement on blood pressure and cardiac function in elderly patients with severe aortic stenosis,Aoyama R.,2023,Blood Pressure Monitoring
"Validation of the A&amp;D UM-212BLE monitor according to ISO 81060-2, 2018: a device with clinically important programmability",Alpert B.S.,2023,Blood Pressure Monitoring
Hypothalamic Oxytocin Neuron Activation Attenuates Intermittent Hypoxia-Induced Hypertension and Cardiac Dysfunction in an Animal Model of Sleep Apnea,Rodriguez J.,2023,Hypertension
Catheter-Based Renal Denervation: 9-Year Follow-Up Data on Safety and Blood Pressure Reduction in Patients with Resistant Hypertension,Sesa-Ashton G.,2023,Hypertension
"Validation of the Hingmed DBP-01P clinical automatic blood pressure monitor provided with wide-range cuff, evaluated in a general population according to the ISO 81060-2:2018 protocol",Fania C.,2023,Blood Pressure Monitoring
Erratum: Device-guided slow breathing with direct biofeedback of pulse wave velocity - acute effects on pulse arrival time and self-measured blood pressure (Blood Press Monit (2023) 28 (52-58) DOI: 10.1097/MBP.0000000000000628),No authors available,2023,Blood Pressure Monitoring
The association between frontal QRS-T angle and reverse dipper status in newly diagnosed hypertensive patients,Karakayali M.,2023,Blood Pressure Monitoring
(Re)modeling high-salt diet-induced hypertension in mice,Power G.,2023,American journal of physiology. Heart and circulatory physiology
"High-salt diet augments systolic blood pressure and induces arterial dysfunction in outbred, genetically diverse mice",Zheng X.,2023,American journal of physiology. Heart and circulatory physiology
Pregnancy-associated ruptured splenic arteriovenous malformation: A rare but fatal complication in hereditary hemorrhagic telangiectasia,Kabiri D.,2023,European Journal of Obstetrics and Gynecology and Reproductive Biology
Spontaneous rupture of an infected pseudocyst of the pancreas: A case report,Chtourou M.F.,2023,International Journal of Surgery Case Reports
"Fournier's gangrene with retroperitoneal extension, a case report",Molla Y.D.,2023,International Journal of Surgery Case Reports
Characteristics and Outcomes of Percutaneous Coronary Intervention Following Large-Scale No Charge/Low-Charge Coronary Artery Calcium Score Program,Chami T.,2023,Cardiovascular Revascularization Medicine
"Preeclampsia association of placental nucleotide variations in eNOS, VEGFA, and FLT-1 genes in Latin American pregnant women",Macías-Salas A.,2023,Placenta
"Polypharmacy is differentially associated with 20-year mortality among community-dwelling elderly women and men: The Israel Glucose Intolerance, Obesity and Hypertension cohort study",Orenstein L.,2023,Mechanisms of Ageing and Development
Selection Bias in the Hypotension Prediction Index: Reply,Enevoldsen J.,2023,Anesthesiology
Selection Bias in the Hypotension Prediction Index: Comment,Giustiniano E.,2023,Anesthesiology
Novel mechanism of increased preeclampsia risk after kidney donation,Enninga E.A.L.,2023,Kidney International
How Can International Consistency in Determination of Brain Death/Death by Neurological Criteria be Improved? The World Brain Death Project,Lewis A.,2023,Journal of Neurosurgical Anesthesiology
The blood pressure lowering effects of glucagon-like peptide-1 receptor agonists: A mini-review of the potential mechanisms,Ribeiro-Silva J.C.,2023,Current Opinion in Pharmacology
Beyond intracranial pressure: monitoring cerebral perfusion and autoregulation in severe traumatic brain injury,Dietvorst S.,2023,Current Opinion in Critical Care
Acute-setting vs. staged-setting vessel fractional flow reserve of intermediate non-culprit lesions in patients with ST-segment elevation myocardial infarction (FAST STAGED study),Huang J.,2023,IJC Heart and Vasculature
"Circ_0001326 suppresses trophoblast cell proliferation, invasion, migration and epithelial-mesenchymal transition progression in preeclampsia by miR-188-3p/HtrA serine peptidase 1 axis",Gao X.,2023,Journal of Hypertension
Stagnating rates of blood pressure control in Australia: insights from opportunistic screening of 10 046 participants of the May Measurement Month campaigns,Carnagarin R.,2023,Journal of Hypertension
Association between blood pressure and angiotensin-converting enzymes activity in prepubertal children,Gaspar A.R.,2023,Journal of Hypertension
Sex-specific associations of reservoir-excess pressure parameters with age and subclinical vascular remodeling,Gimblet C.J.,2023,Journal of Hypertension
"Health football beats them all: subgroup analysis of the 3F (Fit&amp;Fun with Football) study on white-coat hypertension, sustained hypertension, dippers, nondippers, and on pharmacologically un(treated) arterial hypertension",Schrader B.,2023,Journal of Hypertension
Association between lifetime cannabis use and arterial stiffness in a middle-aged general population,Vallée A.,2023,Journal of Hypertension
Sleep irregularity and the association with hypertension and blood pressure levels: the ELSA-Brasil study,Parise B.K.,2023,Journal of Hypertension
Relative prognostic importance of aortic and brachial blood pressures for cardiovascular and mortality outcomes in patients with resistant hypertension and diabetes: a two cohorts prospective study,Cardoso C.R.L.,2023,Journal of Hypertension
"Blood pressure variability: methodological aspects, clinical relevance and practical indications for management - a European Society of Hypertension position paper <sup>∗</sup>",Parati G.,2023,Journal of Hypertension
"Oscillometric pulse wave velocity estimated via the Mobil-O-Graph shows excellent accuracy in children, adolescents and young adults: an invasive validation study",Walser M.,2023,Journal of Hypertension
Biomechanics models predict increasing smooth muscle tone as a novel therapeutic target for central arterial dysfunction in hypertension,Pewowaruk R.J.,2023,Journal of Hypertension
"Telehealth Use, Care Continuity, and Quality: Diabetes and Hypertension Care in Community Health Centers Before and During the COVID-19 Pandemic",Tierney A.A.,2023,Medical Care
Patient-level and system-level determinants of stroke fatality across 16 large hospitals in Ghana and Nigeria: a prospective cohort study,Sarfo F.S.,2023,The Lancet Global Health
Aerobic exercise capacity is normal in obesity with or without metabolic syndrome,Deboeck G.,2023,Respiratory Medicine
Pediatric laboratory developed tests filling the gaps for children in crisis,Bunch D.R.,2023,Journal of Mass Spectrometry and Advances in the Clinical Lab
Central venous pressure amplitude: A novel marker of resuscitation quality,Cournoyer A.,2023,Resuscitation
A prediction model on incident ESKD among individuals with T2D and CKD,Lin Y.,2023,Journal of Diabetes and its Complications
Progression of blood-borne viruses through bloodstream: A comparative mathematical study,Ram D.,2023,Computer Methods and Programs in Biomedicine
Inhibiting B cell activating factor attenuates preeclamptic symptoms in placental ischemic rats,Herrock O.,2023,American Journal of Reproductive Immunology
Distinct metabolic features of genetic liability to type 2 diabetes and coronary artery disease: a reverse Mendelian randomization study,Smith M.L.,2023,eBioMedicine
"Epidemiology of hypertension among adults in Addis Ababa, Ethiopia",Mekonene M.,2023,Preventive Medicine Reports
Current Management of Hemodynamically Unstable Patients with Pelvic Fracture,Harrell K.,2023,Current Surgery Reports
Association between proteomic biomarkers and myocardial fibrosis measured by MRI: the multi-ethnic study of atherosclerosis,Bakhshi H.,2023,eBioMedicine
A pilot study to predict cardiac arrest in the pediatric intensive care unit,Kenet A.L.,2023,Resuscitation
Management of acute severe hypertension in youth: from the philosophical to the practical,Giammattei V.C.,2023,Current Opinion in Pediatrics
Isometric Resistance Training to Manage Hypertension: Systematic Review and Meta-analysis,Baffour-Awuah B.,2023,Current Hypertension Reports
Electrolyte Imbalance among Patients with and with No ST-Elevation Myocardial Infarction: A Cohort Study,Dreidi M.,2023,Critical Care Nursing Quarterly
Hypertensive Emergencies: Common Presentations and Pharmacological Interventions,El Hussein M.T.,2023,Critical Care Nursing Quarterly
Synergism of amlodipine and telmisartan or candesartan on blood pressure reduction by using SynergyFinder 3.0 and probability sum test in vivo,Xia T.,2023,Pharmacology research &amp; perspectives
Vitamin D<inf>3</inf> supplementation had no benefits in patients with metabolic syndrome and vitamin D deficiency: A pilot study,Aquino S.L.S.,2023,Clinical Nutrition ESPEN
"Premeal almond load decreases postprandial glycaemia, adiposity and reversed prediabetes to normoglycemia: A randomized controlled trial",Gulati S.,2023,Clinical Nutrition ESPEN
Goal-directed haemodynamic therapy: an imprecise umbrella term to avoid,Saugel B.,2023,British Journal of Anaesthesia
Unmet needs and opportunities for optimal management of patients with type 2 diabetes and chronic kidney disease,Pantalone K.M.,2023,Journal of Diabetes and its Complications
Presence of retinopathy and incident kidney and cardiovascular events in type 2 diabetes with normoalbuminuria – A post-hoc analysis of the PRIORITY randomized clinical trial,Rotbain Curovic V.,2023,Journal of Diabetes and its Complications
"The effect of SGLT2 inhibitors, GLP1 agonists, and their sequential combination on cardiometabolic parameters: A randomized, prospective, intervention study",Bechlioulis A.,2023,Journal of Diabetes and its Complications
Predictors of Improvement of Sarcopenia after Transjugular Intrahepatic Portosystemic Shunt Creation in Cirrhotic Patients,Huang S.,2023,Journal of Vascular and Interventional Radiology
Clinical significance of measuring hepatic venous pressure gradient on transjugular liver biopsy for patients with pre-cirrhotic bridging fibrosis liver disease,Vu T.,2023,Clinical Imaging
Door-to-furosemide time and clinical outcomes in acute heart failure,Marques P.,2023,European Journal of Emergency Medicine
Comparison between clevidipine and nicardipine in cerebrovascular diseases: A systematic review and meta-analysis,Seifi A.,2023,Clinical Neurology and Neurosurgery
All-cause and cardiovascular mortality after hysterectomy and oophorectomy in a large cohort (HUNT2),Michelsen T.M.,2023,Acta Obstetricia et Gynecologica Scandinavica
Fragmented Vortex in Heart Failure With Reduced Ejection Fraction: A Prospective Vector Flow Mapping Study,Chan J.S.K.,2023,Ultrasound in Medicine and Biology
Letter to the editor: “The emerging concept of fluid tolerance: A position paper”,Chalkias A.,2023,Journal of Critical Care
Large maternal waist circumference in relation to height is associated with high glucose concentrations in an early-pregnancy oral glucose tolerance test: A population-based study,Jokelainen M.,2023,Acta Obstetricia et Gynecologica Scandinavica
Authors' reply to the comment by Shan et al.,Beilstein C.M.,2023,European Journal of Pain (United Kingdom)
Maternal and perinatal outcomes in patients with severe preeclampsia and primary hypothyroidism. Case and control study,Vázquez Rodríguez J.G.,2023,Clinica e Investigacion en Ginecologia y Obstetricia
Cross-sectional associations of persistent organic pollutants measured in adipose tissue and metabolic syndrome in clinically diagnosed middle-aged adults,Reina-Pérez I.,2023,Environmental Research
Perspectives of Primary Care Clinicians on the Diagnosis and Treatment of Pediatric Hypertension,Carroll A.J.,2023,Family and Community Health
Letter to the editor: “Combination of norepinephrine with phenylephrine versus norepinephrine with vasopressin in critically ill patients with septic shock: A retrospective study”,Bulloch M.N.,2023,Journal of Critical Care
Metabolic syndrome and its predictors among adults seeking medical care: A trending public health concern,Jemal A.,2023,Clinical Nutrition ESPEN
Adiposity impacts cognitive function in Asian populations: an epidemiological and Mendelian Randomization study,Mina T.,2023,The Lancet Regional Health - Western Pacific
CBD supplementation reduces arterial blood pressure via modulation of the sympatho-chromaffin system: A substudy from the HYPER-H21-4 trial,Kumric M.,2023,Biomedicine and Pharmacotherapy
Lessons learned from the pilot family model of diabetes self-management intervention in the Republic of the Marshall Islands,Andersen J.A.,2023,Contemporary Clinical Trials Communications
Acute cardiovascular responses to unilateral bicep curls with blood flow restriction,Zheng X.,2023,Journal of Exercise Science and Fitness
Association of abdominal obesity and systolic blood pressure indices with cardiovascular disease risk prediction among communitydwelling older adults,Duangjai A.,2023,Electronic Journal of General Medicine
Posterior reversible encephalopathy syndrome: A conundrum of nephrotic syndrome complication,Munirah M.P.,2023,Electronic Journal of General Medicine
Posterior reversible encephalopathy syndrome following septicemia in patient with myasthenia gravis,Hai P.D.,2023,Radiology Case Reports
Emergency transileocolic vein obliteration for life-threatening bleeding from gastric varices,Chikamori F.,2023,Radiology Case Reports
Limitations associated with thermoregulation and cardiovascular research assessing laborers performing work in the heat,Morrissey M.C.,2023,American Journal of Industrial Medicine
Point/counterpoint: Arterial blood pressure response to exercise does relate to exercise-induced improvement in cognitive function,Washio T.,2023,Journal of Cerebral Blood Flow and Metabolism
Application of sequential multimodal analgesia before and after impacted mandibular third molar extraction: Protocol for a randomized controlled trial,Kim S.H.,2023,Contemporary Clinical Trials Communications
Practice variability in the perioperative management of pediatric moyamoya disease in North America,Sun L.R.,2023,Journal of Stroke and Cerebrovascular Diseases
Evaluating emergency department tube thoracostomy: A single-center use of trauma video review to assess efficiency and technique,Marinica A.L.,2023,Surgery (United States)
Sex-specific associations between markers of arterial stiffness and bone mineral density in Indian men and women,Ranatunga S.,2023,Bone
Early life adversity and cardiovascular responses to repeated stress among adolescents: Moderating role of COMT gene rs4680 polymorphism,Lü W.,2023,Psychoneuroendocrinology
Reference values of myocardial native T1 and extracellular volume in patients without structural heart disease and had negative 3T cardiac magnetic resonance adenosine stress test,Kositanurit W.,2023,IJC Heart and Vasculature
Systemic Outcomes of Intravitreal Injections of Dexamethasone and Anti-Vascular Endothelial Growth Factor,Lin T.Y.,2023,Ophthalmology and Therapy
The effect of polyphenols in post stroke adults: A systematic review of randomised controlled trials,Bayes J.,2023,Clinical Nutrition ESPEN
The Utility of COMPASS-31 Questionnaire to Predict Autonomic Dysfunction in Patients With Cervical/Upper Thoracic Compressive Myelopathy,Takri T.,2023,Journal of Neurosurgical Anesthesiology
Improving Clinical Care for Children With CKD: A Report From a National Kidney Foundation Scientific Workshop,Warady B.A.,2023,American Journal of Kidney Diseases
Isolated sixth nerve palsy as the first manifestation of preeclampsia,Sebastian S.A.,2023,Radiology Case Reports
Neonatal Epignathus with hypoplastic left heart syndrome: Anaesthetic challenges and peri-operative implications,Rath A.,2023,Trends in Anaesthesia and Critical Care
Pro: We Should Use a Pulmonary Artery Catheter with Right Ventricular Pressure Waveforms in Cardiac Surgical Patients,Denault A.,2023,Journal of Cardiothoracic and Vascular Anesthesia
Explainable deep learning model to predict invasive bacterial infection in febrile young infants: A retrospective study,Yang Y.,2023,International Journal of Medical Informatics
Acute regulation of erythropoietin via lower body negative pressure: Influence of sex and age,Diaz-Canestro C.,2023,Scandinavian Journal of Medicine and Science in Sports
"Tofogliflozin, a sodium-glucose cotransporter 2 inhibitor, improves pulmonary vascular remodeling due to left heart disease in mice",Joki Y.,2023,Journal of Cardiology
Recruitment and retention of primary care practices in the Southeastern Collaboration to Improve Blood Pressure Control,Shikany J.M.,2023,Contemporary Clinical Trials Communications
Associations between metabolic disorders and sleep disturbance in patients with schizophrenia,Yan H.,2023,Comprehensive Psychiatry
Recombinant tissue plasminogen activator (rTPA) management for first onset acute ischemic stroke with covid -19 and non-covid -19 patients,Khedr E.M.,2023,Journal of Stroke and Cerebrovascular Diseases
Do sex differences in paediatric type 1 diabetes care exist? A systematic review,de Vries S.A.G.,2023,Diabetologia
Long-term effects of PM<inf>2.5</inf> components on hypertension: A national analysis in China,Lv S.,2023,Environmental Research
Deliberate Compensated Vasoplegia–A Novel Pharmaceutical Approach for Controlling Blood Pressure During Surgery for Pheochromocytoma,Mazeh H.,2023,World Journal of Surgery
Heart sound–derived systolic time intervals for atrioventricular delay optimization in cardiac resynchronization therapy,Luo H.,2023,Heart Rhythm
Self-powered and wireless physiological monitoring system with integrated power supply and sensors,Yan W.,2023,Nano Energy
Feasibility and outcomes from using a commitment devices and text message reminders to increase adherence to time-restricted eating: A randomized trial,Fanaroff A.C.,2023,American Heart Journal
A single night of moderate at-home sleep restriction increases hunger and food intake in overweight young adults,Chamorro R.,2023,Nutrition
The cardiorespiratory response and physiological determinants of the 6-min handbike cycle test in healthy children: A cross-sectional study,Torres-Puebla G.,2023,Pediatric Pulmonology
Intermittent high-intensity exercise for pre- to established hypertension: A systematic review and meta-analysis,Teixeira J.M.M.,2023,Scandinavian Journal of Medicine and Science in Sports
Short-term Blood Pressure Variability and Incident CKD in Patients With Hypertension: Findings From the Cardiovascular and Metabolic Disease Etiology Research Center–High Risk (CMERC-HI) Study,Jhee J.H.,2023,American Journal of Kidney Diseases
Hypertension the ‘Missed Modifiable Risk Factor’ for Diabetic Neuropathy: a Systematic Review,Sethi Y.,2023,Current Problems in Cardiology
"Effect of oral nutritional supplementation combined with impedance vectors for dry weight adjustment on the nutritional status, hydration status and quality of life in patients on chronic hemodialysis: A pilot study",Nieves-Anaya I.,2023,Clinical Nutrition ESPEN
Management of traumatic brain injury in the non-neurosurgical intensive care unit: a narrative review of current evidence,Wiles M.D.,2023,Anaesthesia
Hepatic steatosis and advanced hepatic fibrosis are independent predictors of long-term mortality in acute myocardial infarction,Chin Y.H.,2023,"Diabetes, Obesity and Metabolism"
Raise vigilance against refractory distributive shock due to severe wet beriberi,Ma T.,2023,American Journal of the Medical Sciences
"Nationwide Analysis of Penetrating Thoracic Aortic Injury: Injury Patterns, Management, and Outcomes",Slocum C.,2023,Journal of Surgical Research
Best Practices in Medical Management of Chronic Hypertension,Boyle R.,2023,Physician Assistant Clinics
An Opportunity for Prevention: Associations Between the Life's Essential 8 Score and Cardiovascular Incidence Using Prospective Data from UK Biobank,Petermann-Rocha F.,2023,Current Problems in Cardiology
Point/counterpoint: Arterial blood pressure response to exercise does not relate to exercise-induced improvement in cognitive function,Lefferts W.K.,2023,Journal of Cerebral Blood Flow and Metabolism
Adult hypertensive rats are more prone to gut microflora perturbation and fibrosis in response to moderate restraint stress,Wang T.,2023,Translational Research
Continuous physiological signal measurement over 24-hour periods to assess the impact of work-related stress and workplace violence,Hamidi Shishavan H.,2023,Applied Ergonomics
Effect of lixisenatide on natriuretic peptides in people with type 2 diabetes and recent acute coronary syndrome: The ELIXA trial,Gerstein H.C.,2023,"Diabetes, Obesity and Metabolism"
Sex disparity of cerebral white matter hyperintensity in the hypertensive elderly: The Shanghai Changfeng study,Wang L.,2023,Human Brain Mapping
Identifying high-risk phenotypes and associated harms of delayed time-to-antibiotics in patients with ICU onset sepsis: A retrospective cohort study,Hu W.,2023,Journal of Critical Care
Emergency management of intracerebral hemorrhage,Mazzoleni V.,2023,Journal of Critical Care
Biological age models based on a healthy Han Chinese population,Li Z.,2023,Archives of Gerontology and Geriatrics
Safety and efficacy of an oral insulin (Capsulin) in patients with early-stage type 2 diabetes: A dose-ranging phase 2b study,New R.R.C.,2023,"Diabetes, Obesity and Metabolism"
Pharmaceutical treatment of osteoarthritis,Richard M.J.,2023,Osteoarthritis and Cartilage
Dilated hypertrophic phenotype of the carotid artery is associated with accelerated age-associated central arterial stiffening,AlGhatrif M.,2023,GeroScience
"Orthostatic intolerance after intravenous administration of morphine: incidence, haemodynamics and heart rate variability analysis",Hristovska A.M.,2023,Anaesthesia
Juxtaglomerular cell tumor with pulmonary metastases: A case report and review of the literature,Sakiyama H.,2023,Pediatric Blood and Cancer
The independent role of nasal obstruction in resistant hypertension for uncontrolled hypertensive patients with obstructive sleep apnea,Wu H.,2023,European Archives of Oto-Rhino-Laryngology
All about the Benjamins: Efficacy of a modified triage protocol for trauma activation in geriatric patients,Lee J.S.,2023,American Journal of Surgery
Assessment of fluid status in neonatal dialysis: the need for new tools,Nourbakhsh N.,2023,Pediatric Nephrology
Effect of a high-fat meal on the relative bioavailability of HMPL-689 in Chinese healthy volunteers,Cao W.,2023,Fundamental and Clinical Pharmacology
Empirically Derived Age-Based Vital Signs for Children in the Out-of-Hospital Setting,Ramgopal S.,2023,Annals of Emergency Medicine
Directional sensitivity of dynamic cerebral autoregulation during spontaneous fluctuations in arterial blood pressure at rest,Panerai R.B.,2023,Journal of Cerebral Blood Flow and Metabolism
Early predicting improvement of severe systolic heart failure by left atrial volume,Hsiao C.S.,2023,Heart and Vessels
Improvement of physical activity significantly reduced serum hepatocyte growth factor levels in a general population: 10 year prospective study,Sakaue A.,2023,Heart and Vessels
Design and Analysis of Multiple Inlet–Multiple Outlet Piezoelectric Actuated Valveless Micropump for Micro Drug Delivery Application,Gayatri M.,2023,"Journal of Control, Automation and Electrical Systems"
Rare mechanism of pulsus Bisferiens encountered during pacemaker placement,Huffman J.C.,2023,Paediatric Anaesthesia
Influence of positive end-expiratory pressure on arterial blood pressure in mechanically ventilated trauma patients in the field: a retrospective cohort study,Herff H.,2023,Medical Gas Research
The importance of ambulatory blood pressure monitoring for diagnosing masked hypertension in patients with renal parenchymal scarring,Karakaya D.,2023,Pediatric Nephrology
Diurnal changes in blood pressure and heart rate in children with narcolepsy with cataplexy,Wang J.,2023,Journal of Sleep Research
Arterial stiffness and blood pressure increase in pediatric kidney transplant recipients,Sugianto R.I.,2023,Pediatric Nephrology
Blood pressure and kidney function in neonates and young infants with intrauterine growth restriction,Heuchel K.M.,2023,Pediatric Nephrology
Kidney outcomes in early adolescence following perinatal asphyxia and hypothermia-treated hypoxic-ischaemic encephalopathy,Robertsson Grossmann K.,2023,Pediatric Nephrology
HUS with mutations in CFH and STEC infection treated with eculizumab in a 4-year-old girl,Galvez C.,2023,Pediatric Nephrology
"A novel low-density lipoprotein/fibrinogen apheresis method for chronic limb-threatening ischemia in patients with poor options for revascularization: A multicenter, single-arm clinical trial",Kobayashi S.,2023,Therapeutic Apheresis and Dialysis
Blood pressure monitoring following kidney transplantation in children: a comparison of invasive and noninvasive measurements using Doppler as a benchmark technique,Kaplan E.,2023,Pediatric Nephrology
Goal Setting and Health-Related Outcomes in Chronic Diseases: A Systematic Review and Meta-Analysis of the Literature From 2000 to 2020,Tabaei-Aghdaei Z.,2023,Medical Care Research and Review
Post-anaesthetic spinal cord myelomalacia in horses: A review and a presumptive clinical case presentation,Viilmann I.,2023,Equine Veterinary Education
Cessation Restores Blood Pressure Levels and Endothelial Function Affected by Cadmium Exposure on Rats,Almenara C.C.P.,2023,Biological Trace Element Research
Establishment of a simplified score for predicting risk during intrahospital transport of critical patients: A prospective cohort study,An Y.,2023,Journal of Clinical Nursing
Correlates of Hypertensive-Level BP in African American Adolescents,Rao G.,2023,Journal of Racial and Ethnic Health Disparities
Hemodynamic impairment induced by Crotoxin using in vivo and ex vivo approach in a rat model,Sartim M.A.,2023,International Journal of Biological Macromolecules
Bioactive properties and organosulfur compounds profiling of newly developed garlic varieties of Bangladesh,Hossain M.S.,2023,Food Chemistry: X
Optimal Prevention of Cardiovascular Diseases: The Earlier the Better,Ventura H.O.,2023,Journal of the American College of Cardiology
Mechanical Thrombectomy in Takayasu Arteritis by Direct Carotid Puncture,Padhi R.,2023,Canadian Journal of Neurological Sciences
"Lipidomic, metabolomic, and behavior responses of zebrafish (Danio rerio) exposed to environmental levels of the beta blocker atenolol",Ivantsova E.,2023,Science of the Total Environment
Efficacy and safety of add-on Viola odorata L. in the treatment of COVID-19: A randomized double-blind controlled trial,Adel Mehraban M.S.,2023,Journal of Ethnopharmacology
"The differential placental expression of ERp44 and pre-eclampsia; association with placental zinc, the ERAP1 and the renin-angiotensin-system",Raghu R.,2023,Placenta
Effects of aerobic exercises with different load volumes on inflammatory response and insulin signaling pathway of skeletal muscle in obese rats,Zhang Y.,2023,Chinese Journal of Tissue Engineering Research
Smooth Muscle Mineralocorticoid Receptor Promotes Hypertension after Preeclampsia,Biwer L.A.,2023,Circulation Research
Implementation and use of technology-enabled blood pressure monitoring and teleconsultation in Singapore's primary care: a qualitative evaluation using the socio-technical systems approach,Teo S.H.,2023,BMC primary care
Positive association of triglyceride-glucose index with new-onset hypertension among adults: a national cohort study in China,Gao Q.,2023,Cardiovascular diabetology
"Technical Dissonance in Home Blood Pressure Monitoring After Stroke: Having the Machine, but Not Using Correctly",Forman R.,2023,American journal of hypertension
Alterations in Vessel Hemodynamics Across Uncomplicated Pregnancy,Kuate Defo A.,2023,American journal of hypertension
"Adverse Childhood Experiences, Depression, Patient Activation, and Medication Adherence Among Patients With Uncontrolled Hypertension",Alvarez C.,2023,American journal of hypertension
